{
  "restaurant": [
    {
      "description": "Lorem ipsum dolor sit amet, consectetur adipiscing elit",
      "imgBg": "https://s3-media2.fl.yelpcdn.com/bphoto/k7inbPka7OonSVP-3YzFYQ/o.jpg",
      "name": " Lunch",
      "show": true,
      "type": "restaurant",
      "id": "lunch"
    },
    {
      "description": "Lorem ipsum dolor sit amet, consectetur adipiscing elit",
      "imgBg": "https://s3-media1.fl.yelpcdn.com/bphoto/XzVNh5RzcTF5IOtnziNxdA/o.jpg",
      "name": "Dinning",
      "type": "restaurant",
      "id": "dinning"
    },
    {
      "description": "Lorem ipsum dolor sit amet, consectetur adipiscing elit",
      "imgBg": "https://s3-media3.fl.yelpcdn.com/bphoto/tA9EZy2nNfp2niBcqbdzow/o.jpg",
      "name": "Coffee",
      "type": "restaurant",
      "id": "coffee"
    },
    {
      "description": "Lorem ipsum dolor sit amet, consectetur adipiscing elit",
      "imgBg": "https://s3-media2.fl.yelpcdn.com/bphoto/GeeDCHCgFnJ8oP85j6cm-Q/o.jpg",
      "name": "Dessert",
      "type": "restaurant",
      "id": "dessert"
    }
  ],
  "restaurantSubItems": [
    {
      "categoryId": 9,
      "subcategory": "lunch",
      "description": "Lorem ipsum dolor sit amet, consectetur adipiscing elit, sed do eiusmod tempor incididunt ut labore et dolore magna aliqua. Ut enim ad minim veniam, quis nostrud exercitation ullamco laboris nisi ut aliquip ex ea commodo consequat. Duis aute irure dolor in reprehenderit in voluptate velit esse cillum dolore eu fugiat nulla pariatur. Excepteur sint occaecat cupidatat non proident, sunt in culpa qui officia deserunt mollit anim id est laborum. <ul><li>Fresh Dough.</li><li>Soybean.</li><li>Extra virgin olive.</li> <li>Fresh Pan Dough.</li><li>Unbleached enriched wheat flour.</li></ul> ",
      "imgSmall": "https://s3-media1.fl.yelpcdn.com/bphoto/PuUEC2teaXT37feaqOtf0g/o.jpg",
      "name": "Happy salad",
      "options": [
        {
          "free": false,
          "name": "onion",
          "price": 4
        },
        {
          "free": false,
          "name": "Tomato",
          "price": 4
        },
        {
          "free": false,
          "name": "pepper",
          "price": 4
        }
      ],
      "price": 23,
      "size": [
        {
          "size": "small"
        },
        {
          "size": "large"
        }
      ],
      "promotion": true,
      "type": "restaurant"
    },
    {
      "categoryId": 9,
      "subcategory": "lunch",
      "description": "Lorem ipsum dolor sit amet, consectetur adipiscing elit, sed do eiusmod tempor incididunt ut labore et dolore magna aliqua. Ut enim ad minim veniam, quis nostrud exercitation ullamco laboris nisi ut aliquip ex ea commodo consequat. Duis aute irure dolor in reprehenderit in voluptate velit esse cillum dolore eu fugiat nulla pariatur. Excepteur sint occaecat cupidatat non proident, sunt in culpa qui officia deserunt mollit anim id est laborum. <ul><li>Fresh Dough.</li><li>Soybean.</li><li>Extra virgin olive.</li> <li>Fresh Pan Dough.</li><li>Unbleached enriched wheat flour.</li></ul>",
      "imgSmall": "https://s3-media2.fl.yelpcdn.com/bphoto/Tgit4mErXoToAKImBqVC7g/o.jpg",
      "name": "Tacos",
      "price": 19,
      "type": "restaurant"
    },
    {
      "categoryId": 9,
      "subcategory": "lunch",
      "description": "Lorem ipsum dolor sit amet, consectetur adipiscing elit, sed do eiusmod tempor incididunt ut labore et dolore magna aliqua. Ut enim ad minim veniam, quis nostrud exercitation ullamco laboris nisi ut aliquip ex ea commodo consequat. Duis aute irure dolor in reprehenderit in voluptate velit esse cillum dolore eu fugiat nulla pariatur. Excepteur sint occaecat cupidatat non proident, sunt in culpa qui officia deserunt mollit anim id est laborum. <ul><li>Fresh Dough.</li><li>Soybean.</li><li>Extra virgin olive.</li> <li>Fresh Pan Dough.</li><li>Unbleached enriched wheat flour.</li></ul>",
      "imgSmall": "http://mprmdemo.getmotopress.com/wp-content/uploads/2016/01/food-potato-800x600.jpg",
      "name": "Spicy potato",
      "price": 12,
      "promotion": true,
      "type": "restaurant"
    },
    {
      "categoryId": 9,
      "subcategory": "lunch",
      "description": "Lorem ipsum dolor sit amet, consectetur adipiscing elit, sed do eiusmod tempor incididunt ut labore et dolore magna aliqua. Ut enim ad minim veniam, quis nostrud exercitation ullamco laboris nisi ut aliquip ex ea commodo consequat. Duis aute irure dolor in reprehenderit in voluptate velit esse cillum dolore eu fugiat nulla pariatur. Excepteur sint occaecat cupidatat non proident, sunt in culpa qui officia deserunt mollit anim id est laborum. <ul><li>Fresh Dough.</li><li>Soybean.</li><li>Extra virgin olive.</li> <li>Fresh Pan Dough.</li><li>Unbleached enriched wheat flour.</li></ul>",
      "imgSmall": "https://s3-media2.fl.yelpcdn.com/bphoto/mIfXQ_WZreWj3GcFNTOg-Q/o.jpg",
      "name": " Croquetas",
      "price": 13,
      "promotion": true,
      "type": "restaurant"
    },
    {
      "categoryId": 9,
      "subcategory": "lunch",
      "description": "Lorem ipsum dolor sit amet, consectetur adipiscing elit, sed do eiusmod tempor incididunt ut labore et dolore magna aliqua. Ut enim ad minim veniam, quis nostrud exercitation ullamco laboris nisi ut aliquip ex ea commodo consequat. Duis aute irure dolor in reprehenderit in voluptate velit esse cillum dolore eu fugiat nulla pariatur. Excepteur sint occaecat cupidatat non proident, sunt in culpa qui officia deserunt mollit anim id est laborum. <ul><li>Fresh Dough.</li><li>Soybean.</li><li>Extra virgin olive.</li> <li>Fresh Pan Dough.</li><li>Unbleached enriched wheat flour.</li></ul>",
      "imgSmall": "https://s3-media2.fl.yelpcdn.com/bphoto/wpFPk5ic7eRKDcb0k_Sf3Q/o.jpg",
      "name": "Shrimp Mac and sheese",
      "promotion": true,
      "price": 13,
      "type": "restaurant"
    },
    {
      "categoryId": 10,
      "subcategory": "dinning",
      "description": "Lorem ipsum dolor sit amet, consectetur adipiscing elit, sed do eiusmod tempor incididunt ut labore et dolore magna aliqua. Ut enim ad minim veniam, quis nostrud exercitation ullamco laboris nisi ut aliquip ex ea commodo consequat. Duis aute irure dolor in reprehenderit in voluptate velit esse cillum dolore eu fugiat nulla pariatur. Excepteur sint occaecat cupidatat non proident, sunt in culpa qui officia deserunt mollit anim id est laborum. <ul><li>Fresh Dough.</li><li>Soybean.</li><li>Extra virgin olive.</li> <li>Fresh Pan Dough.</li><li>Unbleached enriched wheat flour.</li></ul>",
      "imgSmall": "https://s3-media4.fl.yelpcdn.com/bphoto/IDs-eTrfJ1pWkp8OCY06KA/o.jpg",
      "name": "Steak with chimichurri",
      "price": 24,
      "type": "restaurant"
    },
    {
      "categoryId": 10,
      "subcategory": "dinning",
      "description": "Lorem ipsum dolor sit amet, consectetur adipiscing elit, sed do eiusmod tempor incididunt ut labore et dolore magna aliqua. Ut enim ad minim veniam, quis nostrud exercitation ullamco laboris nisi ut aliquip ex ea commodo consequat. Duis aute irure dolor in reprehenderit in voluptate velit esse cillum dolore eu fugiat nulla pariatur. Excepteur sint occaecat cupidatat non proident, sunt in culpa qui officia deserunt mollit anim id est laborum.",
      "imgSmall": "https://s3-media4.fl.yelpcdn.com/bphoto/oP1-7i8hkxD298oVfEUViQ/o.jpg",
      "name": "Risotto with shrimps",
      "price": 29,
      "type": "restaurant"
    },
    {
      "categoryId": 11,
      "subcategory": "coffee",
      "description": "Lorem ipsum dolor sit amet, consectetur adipiscing elit, sed do eiusmod tempor incididunt ut labore et dolore magna aliqua. Ut enim ad minim veniam, quis nostrud exercitation ullamco laboris nisi ut aliquip ex ea commodo consequat. Duis aute irure dolor in reprehenderit in voluptate velit esse cillum dolore eu fugiat nulla pariatur. Excepteur sint occaecat cupidatat non proident, sunt in culpa qui officia deserunt mollit anim id est laborum. <ul><li>Fresh Dough.</li><li>Soybean.</li><li>Extra virgin olive.</li> <li>Fresh Pan Dough.</li><li>Unbleached enriched wheat flour.</li></ul>",
      "imgSmall": "https://s3-media2.fl.yelpcdn.com/bphoto/ziU-HIt4v2A1mfU5WUZO1w/o.jpg",
      "name": "Cute Late",
      "price": 13,
      "type": "restaurant"
    },
    {
      "categoryId": 11,
      "subcategory": "coffee",
      "description": "Lorem ipsum dolor sit amet, consectetur adipiscing elit, sed do eiusmod tempor incididunt ut labore et dolore magna aliqua. Ut enim ad minim veniam, quis nostrud exercitation ullamco laboris nisi ut aliquip ex ea commodo consequat. Duis aute irure dolor in reprehenderit in voluptate velit esse cillum dolore eu fugiat nulla pariatur. Excepteur sint occaecat cupidatat non proident, sunt in culpa qui officia deserunt mollit anim id est laborum. <ul><li>Fresh Dough.</li><li>Soybean.</li><li>Extra virgin olive.</li> <li>Fresh Pan Dough.</li><li>Unbleached enriched wheat flour.</li></ul>",
      "imgSmall": "https://s3-media1.fl.yelpcdn.com/bphoto/JxVylMw9c0i2NYxtkZppVw/o.jpg",
      "name": "Cappuccino",
      "price": 19,
      "type": "restaurant"
    },
    {
      "categoryId": 12,
      "description": "Lorem ipsum dolor sit amet, consectetur adipiscing elit, sed do eiusmod tempor incididunt ut labore et dolore magna aliqua. Ut enim ad minim veniam, quis nostrud exercitation ullamco laboris nisi ut aliquip ex ea commodo consequat. Duis aute irure dolor in reprehenderit in voluptate velit esse cillum dolore eu fugiat nulla pariatur. Excepteur sint occaecat cupidatat non proident, sunt in culpa qui officia deserunt mollit anim id est laborum. <ul><li>Fresh Dough.</li><li>Soybean.</li><li>Extra virgin olive.</li> <li>Fresh Pan Dough.</li><li>Unbleached enriched wheat flour.</li></ul>",
      "imgSmall": "https://s3-media1.fl.yelpcdn.com/bphoto/T2oZw9UMqM2rbQ18ATdEug/o.jpg",
      "name": "Pistachio bar",
      "price": 10,
      "subcategory": "dessert",
      "type": "restaurant"
    }
  ]
}
